conference,city
Aarhus Symposium,Ganzhou
Abstract management,Chicago
AIMS Meeting,Chicago
Americas Conference on Information Systems,Chicago
Association for Machines and Mechanisms,Heze
Annual International Conference on Real Options,Heze
Asia-Pacific Regional Conference on Service-Learning,Heze
Asian Conference on Electrochemical Power Sources,Wuhan
Asian Symposium on Medicinal Plants Spices and Other Natural Products,Wuhan
Aspen Ideas Festival,Nagoya
Association for Laboratory Phonology,Nagoya
Association for Logic Language and Information,Nagoya
EasyChair,Weifang
European Conference on Digital Libraries,Weifang
European Conference on Information Systems,Bogota
National Service Learning Conference,Handan
Native American Literature Symposium,Handan
New Ways of Analyzing Variation,Handan
Nobel Conference,Handan
International Conference on Information Systems,Hyderabad
International Conference on Information Systems Security and Privacy,Hyderabad
International Conference on Mechanical Industrial & Energy Engineering,Hyderabad
International Conference on Parallel and Distributed Systems,Lima
International Conference on Sociolinguistics,Lima
Community Development & Leadership Summit,Zhoukou
Computing in Cardiology,Zhoukou
Comunica2,Shijiazhuang
Conference on Information Technology,Shijiazhuang
Games Learning & Society Conference,Shijiazhuang
Geohorizon,Shijiazhuang
Georgetown Leadership Seminar,Tianjin
International Conference on Web Services,Tianjin
International Congress of Actuaries,Linyi
International Congress of Americanists,Linyi
International Congress of Orientalists,Linyi
International Congress of Quantum Chemistry,London
Text Speech and Dialogue,London
The Aging Symposium,Paris
The Science of Consciousness,Paris
MECHATROJ ,Paris
IJPLA ,Paris
SEAS,Lahore
ACIJ,Lahore
IJCAx,Chengdu
IJGTT ,Chengdu
PBIJ ,Chengdu
IJCSIT ,Chennai
NLPA ,Chennai
ICAIT ,Chennai
NLPI ,Baoding
IJCIS ,Baoding
IJITCS ,Nanyang
ACSIT ,Nanyang
MEC ,Nanyang
BDBS ,Nanyang
AITIJ ,Rio de Janeiro
IJITCA ,Rio de Janeiro
CSEIJ ,Rio de Janeiro
AVC ,Rio de Janeiro
ADEIJ ,Los Angeles
IJICS ,Los Angeles
SEC ,Los Angeles
NLPD ,Ho Chi Minh City
IJPS ,Ho Chi Minh City
IJDMS ,Ho Chi Minh City
DMML ,Ho Chi Minh City
IJMSA ,Kinshasa
ARIN ,Kinshasa
DMA ,Kinshasa
SIGL ,Kinshasa
IJESA ,Tehran
CSITEC ,Tehran
IJCSA ,Tehran
NC ,Tehran
CSEIT ,Bangalore
IJCSEIT ,Bangalore
NeTCoM ,Bangalore
SPM ,Montcada
IJNGN ,Montcada
ECTIJ ,Montcada
IJFCSTIA ,Montcada
DMAP ,Montcada
IEIJ ,Montcada
CBDA ,Osaka
CMIT ,Osaka
IJGCA ,Osaka
ArIT ,Istanbul
CCSIT ,Istanbul
FCST ,Istanbul
NLCA ,Istanbul
SAIM ,Lagos
IJIST ,Lagos
IJSEA ,Lagos
IJNSA ,Barcelona
CoNeCo ,Barcelona
CSITA ,Barcelona
I4CS ,Barcelona
IJDKP ,Barcelona
IJWSC ,Shenzhen
IJANS ,Shenzhen
ITCA ,Shenzhen
DiSLiDaS ,Shenzhen
ACM--AITC--Ei and Scopus ,Shenzhen
EI/Scopus--AEEGE ,Buenos Aires
INSIGHT ,Buenos Aires
IEEE-EI/Scopus-ITCC ,Buenos Aires
"ACM--ICCMS--EI Compendex, Scopus ",Bangkok
EI/Scopus--DMBDA ,Bangkok
"ICCCS--IEEE, Ei Compendex, Scopus ",Bangkok
EI/Scopus--SPISCS ,Bangkok
IEEE-Ei/Scopus-CNIOT ,Bangkok
IJCI ,Moscow
SE ,Moscow
IJASA ,Moscow
ADCO ,Moscow
SP ,Kolkata
ITCSE ,Kolkata
IJMNCT ,Kolkata
CD-MAKE ,Kolkata
GET ,Kolkata
IHCI ,New York
TPMC ,New York
ICDT ,New York
BigDaCI ,New York
RuhrSec ,New York
EL ,New York
EH ,New York
ICT ,New York
WBC ,New York
SERA ,Cairo
CSC ,Cairo
ICTS4eHealth,Cairo
SAM,Cairo
MIET ,Beijing
AMMS--EI and Scopus,Beijing
ICCCV--Ei and Scopus,Beijing
"IEEE SEAI--EI Compendex, Scopus",Beijing
"NLPAI--Ei Compendex, Scopus ",Beijing
"ICCEE--Ei Compendex, Scopus ",Beijing
"IEEE--PRML--Ei, Scopus ",Beijing
IJSCAI ,Beijing
ICCSEA ,Guangzhou
IPPR ,Guangzhou
DMDBS ,Guangzhou
AIS ,Guangzhou
IJP2P ,Guangzhou
IJFCST ,Mexico City
COMSCI ,Mexico City
NLAI ,Mexico City
MLAINLP ,Mexico City
Fuzzy ,Seoul
IJSCMC ,Seoul
SOENG ,Seoul
BDAP ,Seoul
AMS ,Seoul
IJMECH ,Seoul
MLNLP ,Seoul
CSEA ,Seoul
WiMoA ,Sao Paulo
IJEL ,Sao Paulo
EDU ,Sao Paulo
AIAD ,Sao Paulo
DTMN ,Sao Paulo
ITCON ,Sao Paulo
IJMIT ,Shanghai
IJITMC ,Shanghai
MEAP ,Shanghai
DaMi ,Shanghai
NEATCLasS ,Shanghai
"CCAT--Ei, Scopus ",Manila
"IEEE--CCAI--EI Compendex, Scopus ",Manila
"ICCSM--Scopus, EI ",Manila
"ACM--ICHMI--Ei Compendex, Scopus ",Manila
"ACM--ICBDC--EI Compendex, Scopus ",Mumbai
IEEE-Ei/Scopus-CTISC ,Mumbai
"ACM--VRIP--EI, Scopus ",Mumbai
Sp.issue LNLM - CI & Electrical Systems ,Mumbai
EAMM ,Delhi
Demos@AIME ,Delhi
"IEEE--ICVR--Ei Compendex, Scopus ",Delhi
"IEEE--ICVR--Ei Compendex, Scopus ",Delhi
IDC ,Delhi
CASA--SCI ,Jakarta
"ACCC--Ei Compendex, Scopus ",Jakarta
GreenCom ,Jakarta
dsaa ,Jakarta
dsaai ,Tokyo
IC2E ,Tokyo
"IEEE--CompAuto--EI, Scopus ",Tokyo
TSP ,Tokyo
ICCS ,Wuhan
IADSDTP ,Wuhan
"WSEA--Ei Compendex, Scopus ",Barcelona
